<?xml version="1.0" encoding="UTF-8"?>
<!DOCTYPE suite SYSTEM "https://testng.org/testng-1.0.dtd">
<suite name="Suite">
	<listeners>
		<listener class-name="com.sa.qa.util.Listeners" />
	</listeners>
	<test thread-count="5" name="Test">
		<classes>
			<class name="com.sa.qa.test.AddressVerifyPageTest" />
			<class name="com.sa.qa.test.PaymentPageTest" />
			<class name="com.sa.qa.test.ShippingPageTest" />
			<class name="com.sa.qa.test.ShoppingPageTest" />
			<class name="com.sa.qa.test.LoginPageTest" />
			<class name="com.sa.qa.test.HomePageTest" />
		</classes>
	</test> <!-- Test -->
</suite> <!-- Suite -->
